<?xml version="1.0" encoding="UTF-8"?>
<image xmlns="http://ns.openzoom.org/openzoom/2008">
    <pyramid width="131072" height="131072" tileWidth="256" tileHeight="256" tileOverlap="0" type="image/jpeg">
        <level index="0" width="256" height="256" columns="1" rows="1">
            <uri template="http://s3.amazonaws.com/com.modestmaps.bluemarble/0-r{row}-c{column}.jpg"/>
        </level>
        <level index="1" width="512" height="512" columns="2" rows="2">
            <uri template="http://s3.amazonaws.com/com.modestmaps.bluemarble/1-r{row}-c{column}.jpg"/>
        </level>
        <level index="2" width="1024" height="1024" columns="4" rows="4">
            <uri template="http://s3.amazonaws.com/com.modestmaps.bluemarble/2-r{row}-c{column}.jpg"/>
        </level>
        <level index="3" width="2048" height="2048" columns="8" rows="8">
            <uri template="http://s3.amazonaws.com/com.modestmaps.bluemarble/3-r{row}-c{column}.jpg"/>
        </level>
        <level index="4" width="4096" height="4096" columns="16" rows="16">
            <uri template="http://s3.amazonaws.com/com.modestmaps.bluemarble/4-r{row}-c{column}.jpg"/>
        </level>
        <level index="5" width="8192" height="8192" columns="32" rows="32">
            <uri template="http://s3.amazonaws.com/com.modestmaps.bluemarble/5-r{row}-c{column}.jpg"/>
        </level>
        <level index="6" width="16384" height="16384" columns="64" rows="64">
            <uri template="http://s3.amazonaws.com/com.modestmaps.bluemarble/6-r{row}-c{column}.jpg"/>
        </level>
        <level index="7" width="32768" height="32768" columns="128" rows="128">
            <uri template="http://s3.amazonaws.com/com.modestmaps.bluemarble/7-r{row}-c{column}.jpg"/>
        </level>
        <level index="8" width="65536" height="65536" columns="256" rows="256">
            <uri template="http://s3.amazonaws.com/com.modestmaps.bluemarble/8-r{row}-c{column}.jpg"/>
        </level>
        <level index="9" width="131072" height="131072" columns="512" rows="512">
            <uri template="http://s3.amazonaws.com/com.modestmaps.bluemarble/9-r{row}-c{column}.jpg"/>
        </level>
    </pyramid>
</image>