<?xml version="1.0" encoding="UTF-8"?>
<image xmlns="http://ns.openzoom.org/openzoom/2008">
	<pyramid width="268435456" height="268435456" tileWidth="256" tileHeight="256" tileOverlap="0" type="image/jpeg">
		<!--
		<access type="rectangular">
		<access type="quadTree" topLeft="0" topRight="1" bottomLeft="2" bottomRight="3">
		<levels>
		-->
	        <level index="0" width="256" height="256" columns="1" rows="1">
	            <uri template="http://khm0.google.com/kh?v=33&amp;x={column}&amp;y={row}&amp;z=0"/>
	            <uri template="http://khm1.google.com/kh?v=33&amp;x={column}&amp;y={row}&amp;z=0"/>
	            <uri template="http://khm2.google.com/kh?v=33&amp;x={column}&amp;y={row}&amp;z=0"/>
	            <uri template="http://khm3.google.com/kh?v=33&amp;x={column}&amp;y={row}&amp;z=0"/>
	        </level>
	        <level index="1" width="512" height="512" columns="2" rows="2">
	            <uri template="http://khm0.google.com/kh?v=33&amp;x={column}&amp;y={row}&amp;z=1"/>
	            <uri template="http://khm1.google.com/kh?v=33&amp;x={column}&amp;y={row}&amp;z=1"/>
	            <uri template="http://khm2.google.com/kh?v=33&amp;x={column}&amp;y={row}&amp;z=1"/>
	            <uri template="http://khm3.google.com/kh?v=33&amp;x={column}&amp;y={row}&amp;z=1"/>
	        </level>
	        <level index="2" width="1024" height="1024" columns="4" rows="4">
	            <uri template="http://khm0.google.com/kh?v=33&amp;x={column}&amp;y={row}&amp;z=2"/>
	            <uri template="http://khm1.google.com/kh?v=33&amp;x={column}&amp;y={row}&amp;z=2"/>
	            <uri template="http://khm2.google.com/kh?v=33&amp;x={column}&amp;y={row}&amp;z=2"/>
	            <uri template="http://khm3.google.com/kh?v=33&amp;x={column}&amp;y={row}&amp;z=2"/>
	        </level>
	        <level index="3" width="2048" height="2048" columns="8" rows="8">
	            <uri template="http://khm0.google.com/kh?v=33&amp;x={column}&amp;y={row}&amp;z=3"/>
	            <uri template="http://khm1.google.com/kh?v=33&amp;x={column}&amp;y={row}&amp;z=3"/>
	            <uri template="http://khm2.google.com/kh?v=33&amp;x={column}&amp;y={row}&amp;z=3"/>
	            <uri template="http://khm3.google.com/kh?v=33&amp;x={column}&amp;y={row}&amp;z=3"/>
	        </level>
	        <level index="4" width="4096" height="4096" columns="16" rows="16">
	            <uri template="http://khm0.google.com/kh?v=33&amp;x={column}&amp;y={row}&amp;z=4"/>
	            <uri template="http://khm1.google.com/kh?v=33&amp;x={column}&amp;y={row}&amp;z=4"/>
	            <uri template="http://khm2.google.com/kh?v=33&amp;x={column}&amp;y={row}&amp;z=4"/>
	            <uri template="http://khm3.google.com/kh?v=33&amp;x={column}&amp;y={row}&amp;z=4"/>
	        </level>
	        <level index="5" width="8192" height="8192" columns="32" rows="32">
	            <uri template="http://khm0.google.com/kh?v=33&amp;x={column}&amp;y={row}&amp;z=5"/>
	            <uri template="http://khm1.google.com/kh?v=33&amp;x={column}&amp;y={row}&amp;z=5"/>
	            <uri template="http://khm2.google.com/kh?v=33&amp;x={column}&amp;y={row}&amp;z=5"/>
	            <uri template="http://khm3.google.com/kh?v=33&amp;x={column}&amp;y={row}&amp;z=5"/>
	        </level>
	        <level index="6" width="16384" height="16384" columns="64" rows="64">
	            <uri template="http://khm0.google.com/kh?v=33&amp;x={column}&amp;y={row}&amp;z=6"/>
	            <uri template="http://khm1.google.com/kh?v=33&amp;x={column}&amp;y={row}&amp;z=6"/>
	            <uri template="http://khm2.google.com/kh?v=33&amp;x={column}&amp;y={row}&amp;z=6"/>
	            <uri template="http://khm3.google.com/kh?v=33&amp;x={column}&amp;y={row}&amp;z=6"/>
	        </level>
	        <level index="7" width="32768" height="32768" columns="128" rows="128">
	            <uri template="http://khm0.google.com/kh?v=33&amp;x={column}&amp;y={row}&amp;z=7"/>
	            <uri template="http://khm1.google.com/kh?v=33&amp;x={column}&amp;y={row}&amp;z=7"/>
	            <uri template="http://khm2.google.com/kh?v=33&amp;x={column}&amp;y={row}&amp;z=7"/>
	            <uri template="http://khm3.google.com/kh?v=33&amp;x={column}&amp;y={row}&amp;z=7"/>
	        </level>
	        <level index="8" width="65536" height="65536" columns="256" rows="256">
	            <uri template="http://khm0.google.com/kh?v=33&amp;x={column}&amp;y={row}&amp;z=8"/>
	            <uri template="http://khm1.google.com/kh?v=33&amp;x={column}&amp;y={row}&amp;z=8"/>
	            <uri template="http://khm2.google.com/kh?v=33&amp;x={column}&amp;y={row}&amp;z=8"/>
	            <uri template="http://khm3.google.com/kh?v=33&amp;x={column}&amp;y={row}&amp;z=8"/>
	        </level>
	        <level index="9" width="131072" height="131072" columns="512" rows="512">
	            <uri template="http://khm0.google.com/kh?v=33&amp;x={column}&amp;y={row}&amp;z=9"/>
	            <uri template="http://khm1.google.com/kh?v=33&amp;x={column}&amp;y={row}&amp;z=9"/>
	            <uri template="http://khm2.google.com/kh?v=33&amp;x={column}&amp;y={row}&amp;z=9"/>
	            <uri template="http://khm3.google.com/kh?v=33&amp;x={column}&amp;y={row}&amp;z=9"/>
	        </level>
	        <level index="10" width="262144" height="262144" columns="1024" rows="1024">
	            <uri template="http://khm0.google.com/kh?v=33&amp;x={column}&amp;y={row}&amp;z=10"/>
	            <uri template="http://khm1.google.com/kh?v=33&amp;x={column}&amp;y={row}&amp;z=10"/>
	            <uri template="http://khm2.google.com/kh?v=33&amp;x={column}&amp;y={row}&amp;z=10"/>
	            <uri template="http://khm3.google.com/kh?v=33&amp;x={column}&amp;y={row}&amp;z=10"/>
	        </level>
	        <level index="11" width="524288" height="524288" columns="2048" rows="2048">
	            <uri template="http://khm0.google.com/kh?v=33&amp;x={column}&amp;y={row}&amp;z=11"/>
	            <uri template="http://khm1.google.com/kh?v=33&amp;x={column}&amp;y={row}&amp;z=11"/>
	            <uri template="http://khm2.google.com/kh?v=33&amp;x={column}&amp;y={row}&amp;z=11"/>
	            <uri template="http://khm3.google.com/kh?v=33&amp;x={column}&amp;y={row}&amp;z=11"/>
	        </level>
	        <level index="12" width="1048576" height="1048576" columns="4096" rows="4096">
	            <uri template="http://khm0.google.com/kh?v=33&amp;x={column}&amp;y={row}&amp;z=12"/>
	            <uri template="http://khm1.google.com/kh?v=33&amp;x={column}&amp;y={row}&amp;z=12"/>
	            <uri template="http://khm2.google.com/kh?v=33&amp;x={column}&amp;y={row}&amp;z=12"/>
	            <uri template="http://khm3.google.com/kh?v=33&amp;x={column}&amp;y={row}&amp;z=12"/>
	        </level>
	        <level index="13" width="2097152" height="2097152" columns="8192" rows="8192">
	            <uri template="http://khm0.google.com/kh?v=33&amp;x={column}&amp;y={row}&amp;z=13"/>
	            <uri template="http://khm1.google.com/kh?v=33&amp;x={column}&amp;y={row}&amp;z=13"/>
	            <uri template="http://khm2.google.com/kh?v=33&amp;x={column}&amp;y={row}&amp;z=13"/>
	            <uri template="http://khm3.google.com/kh?v=33&amp;x={column}&amp;y={row}&amp;z=13"/>
	        </level>
	        <level index="14" width="4194304" height="4194304" columns="16384" rows="16384">
	            <uri template="http://khm0.google.com/kh?v=33&amp;x={column}&amp;y={row}&amp;z=14"/>
	            <uri template="http://khm1.google.com/kh?v=33&amp;x={column}&amp;y={row}&amp;z=14"/>
	            <uri template="http://khm2.google.com/kh?v=33&amp;x={column}&amp;y={row}&amp;z=14"/>
	            <uri template="http://khm3.google.com/kh?v=33&amp;x={column}&amp;y={row}&amp;z=14"/>
	        </level>
	        <level index="15" width="8388608" height="8388608" columns="32768" rows="32768">
	            <uri template="http://khm0.google.com/kh?v=33&amp;x={column}&amp;y={row}&amp;z=15"/>
	            <uri template="http://khm1.google.com/kh?v=33&amp;x={column}&amp;y={row}&amp;z=15"/>
	            <uri template="http://khm2.google.com/kh?v=33&amp;x={column}&amp;y={row}&amp;z=15"/>
	            <uri template="http://khm3.google.com/kh?v=33&amp;x={column}&amp;y={row}&amp;z=15"/>
	        </level>
	        <level index="16" width="16777216" height="16777216" columns="65536" rows="65536">
	            <uri template="http://khm0.google.com/kh?v=33&amp;x={column}&amp;y={row}&amp;z=16"/>
	            <uri template="http://khm1.google.com/kh?v=33&amp;x={column}&amp;y={row}&amp;z=16"/>
	            <uri template="http://khm2.google.com/kh?v=33&amp;x={column}&amp;y={row}&amp;z=16"/>
	            <uri template="http://khm3.google.com/kh?v=33&amp;x={column}&amp;y={row}&amp;z=16"/>
	        </level>
	        <level index="17" width="33554432" height="33554432" columns="131072" rows="131072">
	            <uri template="http://khm0.google.com/kh?v=33&amp;x={column}&amp;y={row}&amp;z=17"/>
	            <uri template="http://khm1.google.com/kh?v=33&amp;x={column}&amp;y={row}&amp;z=17"/>
	            <uri template="http://khm2.google.com/kh?v=33&amp;x={column}&amp;y={row}&amp;z=17"/>
	            <uri template="http://khm3.google.com/kh?v=33&amp;x={column}&amp;y={row}&amp;z=17"/>
	        </level>
	        <level index="18" width="67108864" height="67108864" columns="262144" rows="262144">
	            <uri template="http://khm0.google.com/kh?v=33&amp;x={column}&amp;y={row}&amp;z=18"/>
	            <uri template="http://khm1.google.com/kh?v=33&amp;x={column}&amp;y={row}&amp;z=18"/>
	            <uri template="http://khm2.google.com/kh?v=33&amp;x={column}&amp;y={row}&amp;z=18"/>
	            <uri template="http://khm3.google.com/kh?v=33&amp;x={column}&amp;y={row}&amp;z=18"/>
	        </level>
	        <level index="19" width="134217728" height="134217728" columns="524288" rows="524288">
	            <uri template="http://khm0.google.com/kh?v=33&amp;x={column}&amp;y={row}&amp;z=19"/>
	            <uri template="http://khm1.google.com/kh?v=33&amp;x={column}&amp;y={row}&amp;z=19"/>
	            <uri template="http://khm2.google.com/kh?v=33&amp;x={column}&amp;y={row}&amp;z=19"/>
	            <uri template="http://khm3.google.com/kh?v=33&amp;x={column}&amp;y={row}&amp;z=19"/>
	        </level>
	        <level index="20" width="268435456" height="268435456" columns="1048576" rows="1048576">
	            <uri template="http://khm0.google.com/kh?v=33&amp;x={column}&amp;y={row}&amp;z=20"/>
	            <uri template="http://khm1.google.com/kh?v=33&amp;x={column}&amp;y={row}&amp;z=20"/>
	            <uri template="http://khm2.google.com/kh?v=33&amp;x={column}&amp;y={row}&amp;z=20"/>
	            <uri template="http://khm3.google.com/kh?v=33&amp;x={column}&amp;y={row}&amp;z=20"/>
	        </level>
		<!--</levels>-->
    </pyramid>
</image>