<?xml version="1.0" encoding="UTF-8"?>
<image xmlns="http://ns.openzoom.org/openzoom/2008">
	<pyramid width="67108864" height="67108864" tileWidth="256" tileHeight="256" tileOverlap="0" type="image/png">
		<level index="0" width="256" height="256" columns="1" rows="1">
		    <uri template="http://tile.openstreetmap.org/0/{column}/{row}.png"/>
		</level>
		<level index="1" width="512" height="512" columns="2" rows="2">
		    <uri template="http://tile.openstreetmap.org/1/{column}/{row}.png"/>
		</level>
		<level index="2" width="1024" height="1024" columns="4" rows="4">
		    <uri template="http://tile.openstreetmap.org/2/{column}/{row}.png"/>
		</level>
		<level index="3" width="2048" height="2048" columns="8" rows="8">
		    <uri template="http://tile.openstreetmap.org/3/{column}/{row}.png"/>
		</level>
		<level index="4" width="4096" height="4096" columns="16" rows="16">
		    <uri template="http://tile.openstreetmap.org/4/{column}/{row}.png"/>
		</level>
		<level index="5" width="8192" height="8192" columns="32" rows="32">
		    <uri template="http://tile.openstreetmap.org/5/{column}/{row}.png"/>
		</level>
		<level index="6" width="16384" height="16384" columns="64" rows="64">
		    <uri template="http://tile.openstreetmap.org/6/{column}/{row}.png"/>
		</level>
		<level index="7" width="32768" height="32768" columns="128" rows="128">
		    <uri template="http://tile.openstreetmap.org/7/{column}/{row}.png"/>
		</level>
		<level index="8" width="65536" height="65536" columns="256" rows="256">
		    <uri template="http://tile.openstreetmap.org/8/{column}/{row}.png"/>
		</level>
		<level index="9" width="131072" height="131072" columns="512" rows="512">
		    <uri template="http://tile.openstreetmap.org/9/{column}/{row}.png"/>
		</level>
		<level index="10" width="262144" height="262144" columns="1024" rows="1024">
		    <uri template="http://tile.openstreetmap.org/10/{column}/{row}.png"/>
		</level>
		<level index="11" width="524288" height="524288" columns="2048" rows="2048">
		    <uri template="http://tile.openstreetmap.org/11/{column}/{row}.png"/>
		</level>
		<level index="12" width="1048576" height="1048576" columns="4096" rows="4096">
		    <uri template="http://tile.openstreetmap.org/12/{column}/{row}.png"/>
		</level>
		<level index="13" width="2097152" height="2097152" columns="8192" rows="8192">
		    <uri template="http://tile.openstreetmap.org/13/{column}/{row}.png"/>
		</level>
		<level index="14" width="4194304" height="4194304" columns="16384" rows="16384">
		    <uri template="http://tile.openstreetmap.org/14/{column}/{row}.png"/>
		</level>
		<level index="15" width="8388608" height="8388608" columns="32768" rows="32768">
		    <uri template="http://tile.openstreetmap.org/15/{column}/{row}.png"/>
		</level>
		<level index="16" width="16777216" height="16777216" columns="65536" rows="65536">
		    <uri template="http://tile.openstreetmap.org/16/{column}/{row}.png"/>
		</level>
		<level index="17" width="33554432" height="33554432" columns="131072" rows="131072">
		    <uri template="http://tile.openstreetmap.org/17/{column}/{row}.png"/>
		</level>
		<level index="18" width="67108864" height="67108864" columns="262144" rows="262144">
		    <uri template="http://tile.openstreetmap.org/18/{column}/{row}.png"/>
		</level>
	</pyramid>
</image>